Label;Repo;Aimmx_domain;Aimmx_task
General;https://github.com/yanggeng1995/GAN-TTS;Speech;
General;https://github.com/yyht/Conv_Bert;Natural Language Processing;Machine Translation
General;https://github.com/tensorflow/models;Unknown;
General;https://github.com/trongnghia00/darknet;Computer Vision;Object Detection
General;https://github.com/fizyr/keras-retinanet;Computer Vision;Object Detection
General;https://github.com/titu1994/Super-Resolution-using-Generative-Adversarial-Networks;Computer Vision;Image Classification
General;https://github.com/unsky/focal-loss;Computer Vision;Object Detection
General;https://github.com/ajbrock/Neural-Photo-Editor;Computer Vision;Image Generation
General;https://github.com/simonjisu/NMT;Natural Language Processing;Machine Translation
General;https://github.com/zym1119/MobileNetV2_pytorch_cifar;Computer Vision;Image Classification
General;https://github.com/chen-xiong-yi/OwnBERT;Natural Language Processing;Machine Translation
General;https://github.com/asprenger/keras_fc_densenet;Computer Vision;Semantic Segmentation
General;https://github.com/khanrc/pt.darts;Natural Language Processing;Language Modelling
General;https://github.com/WeiYangze/hibernate-demo;Computer Vision;Image-to-Image Translation
General;https://github.com/5yearsKim/Conditional-Normalizing-Flow;Computer Vision;Image Generation
General;https://github.com/vantupham/darknet;Computer Vision;Object Detection
General;https://github.com/mr-bulb/DL_basic_github;Computer Vision;Object Detection
General;https://github.com/MarkHershey/arxiv-dl;Computer Vision;Object Detection
General;https://github.com/yhenon/pytorch-retinanet;Computer Vision;Object Detection
General;https://github.com/nikhilbarhate99/TD3-PyTorch-BipedalWalker-v2;Unknown;
General;https://github.com/jndeng/DACSDC-DeepZ;Computer Vision;Object Detection
General;https://github.com/nolanliou/PeopleSegmentationDemo;Computer Vision;Semantic Segmentation
General;https://github.com/wangbinglin1995/tianchi;Computer Vision;Image Classification
General;https://github.com/nachiketaa/bert;Natural Language Processing;Machine Translation
General;https://github.com/sdoria/SimpleSelfAttention;Computer Vision;Image Classification
General;https://github.com/Vious/LBAM_Pytorch;Computer Vision;Image-to-Image Translation
General;https://github.com/fdasilva59/Pix2Pix-Kubeflow-Demo;Computer Vision;Image-to-Image Translation
General;https://github.com/abcp4/MyDarts;Natural Language Processing;Language Modelling
General;https://github.com/hill-a/stable-baselines;Playing Games;
General;https://github.com/lukexyz/Language-Models;Natural Language Processing;Language Modelling
General;https://github.com/jolibrain/caffe;Computer Vision;Object Detection
General;https://github.com/sidneykingsley/fyp;Unknown;
General;https://github.com/huggingface/transformers;Natural Language Processing;Machine Translation
General;https://github.com/insigh/THUMT;Natural Language Processing;Machine Translation
General;https://github.com/af-ai-center/bert;Natural Language Processing;Machine Translation
General;https://github.com/yanggeng1995/GAN-TTS;Speech;
General;https://github.com/yyht/Conv_Bert;Natural Language Processing;Machine Translation
General;https://github.com/tensorflow/models;Unknown;
General;https://github.com/trongnghia00/darknet;Computer Vision;Object Detection
General;https://github.com/fizyr/keras-retinanet;Computer Vision;Object Detection
General;https://github.com/titu1994/Super-Resolution-using-Generative-Adversarial-Networks;Computer Vision;Image Classification
General;https://github.com/unsky/focal-loss;Computer Vision;Object Detection
General;https://github.com/ajbrock/Neural-Photo-Editor;Computer Vision;Image Generation
General;https://github.com/simonjisu/NMT;Natural Language Processing;Machine Translation
General;https://github.com/zym1119/MobileNetV2_pytorch_cifar;Computer Vision;Image Classification
General;https://github.com/chen-xiong-yi/OwnBERT;Natural Language Processing;Machine Translation
General;https://github.com/asprenger/keras_fc_densenet;Computer Vision;Semantic Segmentation
General;https://github.com/khanrc/pt.darts;Natural Language Processing;Language Modelling
General;https://github.com/WeiYangze/hibernate-demo;Computer Vision;Image-to-Image Translation
General;https://github.com/5yearsKim/Conditional-Normalizing-Flow;Computer Vision;Image Generation
General;https://github.com/vantupham/darknet;Computer Vision;Object Detection
General;https://github.com/mr-bulb/DL_basic_github;Computer Vision;Object Detection
General;https://github.com/MarkHershey/arxiv-dl;Computer Vision;Object Detection
Sequential;https://github.com/yanggeng1995/GAN-TTS;Speech;
Sequential;https://github.com/yyht/Conv_Bert;Natural Language Processing;
Natural Language Processing;https://github.com/yyht/Conv_Bert;Natural Language Processing;
Natural Language Processing;https://github.com/tensorflow/models;Unknown;
Natural Language Processing;https://github.com/chen-xiong-yi/OwnBERT;Natural Language Processing;
Natural Language Processing;https://github.com/simonjisu/NMT;Natural Language Processing;
Computer Vision;https://github.com/trongnghia00/darknet;Computer Vision;
Computer Vision;https://github.com/mr-bulb/DL_basic_github;Computer Vision;
Computer Vision;https://github.com/fizyr/keras-retinanet;Computer Vision;
Computer Vision;https://github.com/vantupham/darknet;Computer Vision;
Computer Vision;https://github.com/tensorflow/models;Unknown;
Computer Vision;https://github.com/titu1994/Super-Resolution-using-Generative-Adversarial-Networks;Computer Vision;
Computer Vision;https://github.com/unsky/focal-loss;Computer Vision;
Computer Vision;https://github.com/ajbrock/Neural-Photo-Editor;Computer Vision;
Computer Vision;https://github.com/zym1119/MobileNetV2_pytorch_cifar;Computer Vision;
Computer Vision;https://github.com/asprenger/keras_fc_densenet;Computer Vision;
Computer Vision;https://github.com/WeiYangze/hibernate-demo;Computer Vision;
Computer Vision;https://github.com/5yearsKim/Conditional-Normalizing-Flow;Computer Vision;
Computer Vision;https://github.com/MarkHershey/arxiv-dl;Computer Vision;
Computer Vision;https://github.com/fanfancy/caffeSSD_compress;Computer Vision;Object Detection
Computer Vision;https://github.com/nicolasCruzW21/maskrcnn-Tracing;Computer Vision;Object Detection
Computer Vision;https://github.com/tdrussell/IllustrationGAN;Computer Vision;Image Generation
Computer Vision;https://github.com/lucidrains/g-mlp-pytorch;Unknown;
Computer Vision;https://github.com/open-mmlab/mmgeneration;Computer Vision;Image Generation
Computer Vision;https://github.com/Ajasra/TattooStyleGAN2;Computer Vision;Image Generation
Computer Vision;https://github.com/GuoShi28/Caffe-Instance-Normalization-and-Guided-Instance-Normalization;Computer Vision;Object Detection
Computer Vision;https://github.com/keb123keb/deeplabv2;Computer Vision;Semantic Segmentation
Computer Vision;https://github.com/Masao-Taketani/FOTS_OCR;Computer Vision;Scene Text Detection
Computer Vision;https://github.com/JL321/CycleGAN;Computer Vision;Image-to-Image Translation
Computer Vision;https://github.com/sailfish009/detectron2-ResNeSt;Computer Vision;Object Detection
Computer Vision;https://github.com/ihsuy/Train-by-Reconnect;Computer Vision;Image Classification
Computer Vision;https://github.com/andr345/frtm-vos;Computer Vision;Object Detection
Computer Vision;https://github.com/yzheng51/rl-dino-run;Playing Games;
Computer Vision;https://github.com/calebemonteiro/AIDL_Project;Computer Vision;Image Generation
Computer Vision;https://github.com/amitgupta223/Real-Time-Face-Mask-Detection-using-OpenCV-on-MacOS;Computer Vision;Object Detection
Computer Vision;https://github.com/WuJiang1996/pytorch-YOLOv4;Computer Vision;Object Detection
Computer Vision;https://github.com/wonseok-Jang/ros_darknet;Computer Vision;Object Detection
Computer Vision;https://github.com/nguoido/Yolo-alexeyAB;Computer Vision;Object Detection
Computer Vision;https://github.com/Aarav-Patel/darknet;Computer Vision;Object Detection
Computer Vision;https://github.com/mvxxx/mimuw-hats;Unknown;
Computer Vision;https://github.com/ZhiqiWang12/try_darknet;Computer Vision;Object Detection
Computer Vision;https://github.com/maciejdomagala/DLWP_notes;Computer Vision;Image Classification
Computer Vision;https://github.com/CaiYingFeng/darknet_changed;Computer Vision;Object Detection
Computer Vision;https://github.com/DeepikaKaranji/CycleGAN-Unpaired-Image-translation;Computer Vision;Image-to-Image Translation
Computer Vision;https://github.com/Bakikii/stylegan2-pytorch23;Computer Vision;Image Generation
Computer Vision;https://github.com/Khadija07/final;Computer Vision;Object Detection
Computer Vision;https://github.com/BeyondCloud/Comp04_ReverseImageCaption;Computer Vision;Image Generation
Computer Vision;https://github.com/inkplatform/InfoGAN-PyTorch;Computer Vision;Image Generation
Computer Vision;https://github.com/witwickey/alexeyDarknet;Computer Vision;Object Detection
Computer Vision;https://github.com/cyctrung/DPnet;Computer Vision;Object Detection
Computer Vision;https://github.com/XuanjieXiao/vehicle-detection-by-using-camera;Computer Vision;Object Detection
Computer Vision;https://github.com/lee-aaron/Image-Super-Resolution;Computer Vision;Image Denoising
Computer Vision;https://github.com/nirajdpandey/Object-detection-and-localization-using-SSD;Computer Vision;Object Detection
Computer Vision;https://github.com/TahmasbiM/Example;Computer Vision;Image Generation
Computer Vision;https://github.com/GAOwy123/py-faster-rcnn;Computer Vision;Object Detection
Computer Vision;https://github.com/Gowti-AiboT/GAN-based-SISR-Keras;Computer Vision;Image Generation
Computer Vision;https://github.com/anhnktp/yolov3;Computer Vision;Object Detection
Computer Vision;https://github.com/ayushpalak/darknet_cokebottles;Computer Vision;Object Detection
Computer Vision;https://github.com/bencottier/GANCS;Computer Vision;Image Generation
Computer Vision;https://github.com/OpenCv30/Yolov3;Computer Vision;Object Detection
Computer Vision;https://github.com/b5071/pulse-rev;Computer Vision;Image Generation
Computer Vision;https://github.com/FarzamIHPC/YoloV3_mask;Computer Vision;Object Detection
Computer Vision;https://github.com/KellerJordan/ResNet-PyTorch-CIFAR10;Computer Vision;Object Detection
Computer Vision;https://github.com/ilyakava/gan;Computer Vision;Image Generation
Computer Vision;https://github.com/ubombar/super-resolution-srrnet;Computer Vision;Image Generation
Computer Vision;https://github.com/Kprerak-iisc/data-science;Computer Vision;Image-to-Image Translation
Computer Vision;https://github.com/Mushroomcat9998/PaddleOCR;Unknown;
Computer Vision;https://github.com/yoshitomo-matsubara/torchdistill;Computer Vision;Object Detection
Computer Vision;https://github.com/fundamentalvision/Deformable-DETR;Computer Vision;Object Detection
Computer Vision;https://github.com/dodoproptit99/deep-speaker;Unknown;
Computer Vision;https://github.com/Thinklab-SJTU/CSL_RetinaNet_Tensorflow;Computer Vision;Object Detection
Computer Vision;https://github.com/NZ99/bottleneck-transformer-flax;Computer Vision;Object Detection
Computer Vision;https://github.com/microsoft/CvT;Computer Vision;Image Classification
Computer Vision;https://github.com/mohitktanwr/Deep-Stem-ResNeSt-ISPRS;Computer Vision;Object Detection
Computer Vision;https://github.com/pszemraj/BoulderAreaDetector;Computer Vision;Object Detection
Computer Vision;https://github.com/akamaster/pytorch_resnet_cifar10;Computer Vision;Object Detection
Computer Vision;https://github.com/nachiket273/pytorch_resnet_rs;Computer Vision;Image Classification
Computer Vision;https://github.com/csm-kr/Retinanet_pytorch;Computer Vision;Object Detection
Computer Vision;https://github.com/tsc2017/Inception-Score;Computer Vision;Image Generation
Computer Vision;https://github.com/eyalbetzalel/GLOW;Computer Vision;Image Generation
Computer Vision;https://github.com/shinshoji01/Style-Restricted_GAN;Computer Vision;Image Generation
Computer Vision;https://github.com/aadhithya/AdaIN-pytorch;Computer Vision;Object Detection
Computer Vision;https://github.com/switchablenorms/SwitchNorm_Segmentation;Computer Vision;Semantic Segmentation
Computer Vision;https://github.com/julik43/IIMAS-USCS;Computer Vision;Object Detection
Computer Vision;https://github.com/OlafenwaMoses/IdenProf;Computer Vision;Object Detection
Computer Vision;https://github.com/chanshing/sobolev_gan;Computer Vision;Image Generation
Computer Vision;https://github.com/soccergame/darknet;Computer Vision;Object Detection
Computer Vision;https://github.com/open-mmlab/mmaction2;Computer Vision;Vision Other
Computer Vision;https://github.com/warmspringwinds/pytorch-segmentation-detection;Computer Vision;Semantic Segmentation
Computer Vision;https://github.com/qilei123/DEEPLAB_4_RETINA;Computer Vision;Object Detection
Computer Vision;https://github.com/xunhuang1995/AdaIN-style;Computer Vision;Image-to-Image Translation
Computer Vision;https://github.com/hszhao/PSANet;Computer Vision;Semantic Segmentation
Computer Vision;https://github.com/deepak112/Keras-SRGAN;Computer Vision;Image Generation
Computer Vision;https://github.com/open-mmlab/mmdetection;Computer Vision;Object Detection
Computer Vision;https://github.com/titu1994/DenseNet;Computer Vision;Image Classification
Computer Vision;https://github.com/CosmiQ/yolt;Computer Vision;Object Detection
Computer Vision;https://github.com/mcclow12/wgan-gp-pytorch;Computer Vision;Image Generation
Computer Vision;https://github.com/mohamedameen93/German-Traffic-Sign-Classification-Using-TensorFlow;Computer Vision;Image Classification
Computer Vision;https://github.com/BrookInternSOMA/pix2pix-barcode;Computer Vision;Image-to-Image Translation
Computer Vision;https://github.com/hershd23/ObjectLocalizer;Computer Vision;Object Detection
Computer Vision;https://github.com/kobiso/CBAM-tensorflow-slim;Computer Vision;Image Classification
Computer Vision;https://github.com/eugene08976/hw1;Computer Vision;Image-to-Image Translation
Computer Vision;https://github.com/qilei123/sod_v1_demo;Computer Vision;Object Detection
Computer Vision;https://github.com/alexgkendall/SegNet-Tutorial;Computer Vision;Semantic Segmentation
Computer Vision;https://github.com/LynnHo/VAE-Tensorflow;Computer Vision;Image Generation
Computer Vision;https://github.com/asierae/VoiceDCGAN;Computer Vision;Image Generation
Computer Vision;https://github.com/thtang/CheXNet-with-localization;Computer Vision;Image Classification
Computer Vision;https://github.com/researchmm/SiamDW;Computer Vision;Object Detection
Computer Vision;https://github.com/ahmed-anas/thesis-pointnet;Computer Vision;Object Localization
Computer Vision;https://github.com/itsuki8914/srresnet4x;Computer Vision;Image Generation
Audio;https://github.com/yanggeng1995/GAN-TTS;Speech;
Reinforcement Learning;https://github.com/yzheng51/rl-dino-run;Playing Games;
General;https://github.com/text-machine-lab/transformerpy;Natural Language Processing;Machine Translation
General;https://github.com/johngear/eecs504;Computer Vision;Object Detection
General;https://github.com/akashe/Python-Code-Generation;Natural Language Processing;Machine Translation
General;https://github.com/mrdbourke/tensorflow-deep-learning;Unknown;
General;https://github.com/RajdeepBiswas/Manufacturing-Quality-Inspection;Computer Vision;Object Detection
General;https://github.com/huawei-noah/Pretrained-Language-Model;Natural Language Processing;Question Answering
General;https://github.com/uzielroy/CUT;Computer Vision;Image-to-Image Translation
General;https://github.com/UdbhavPrasad072300/Transformer-Implementations;Natural Language Processing;Machine Translation
General;https://github.com/Jittor/JDet;Computer Vision;Object Detection
General;https://github.com/TalFurman/Implict_neural_representation_of_images;Unknown;
General;https://github.com/Bhavnicksm/vanilla-transformer-jax;Natural Language Processing;Machine Translation
General;https://github.com/PointsCoder/VOTR;Computer Vision;Object Detection
General;https://github.com/surajkarki66/Generative-Model-Deep-Learning;Computer Vision;Image-to-Image Translation
General;https://github.com/iArunava/ResNet;Computer Vision;Object Detection
General;https://github.com/yumoh/speech-keras;Natural Language Processing;Question Answering
General;https://github.com/pengshuyuan/Bert;Natural Language Processing;Machine Translation
General;https://github.com/feidfoe/AdjustBnd4Imbalance;Computer Vision;Object Detection
General;https://github.com/RenXiangyuan/tf_bert;Natural Language Processing;Machine Translation
General;https://github.com/epfl-ml-reproducers/subspace-attack-reproduction;Computer Vision;Image Classification
General;https://github.com/hiun/learning-transformers;Natural Language Processing;Machine Translation
General;https://github.com/vGkatsis/Chat_Bot_DL;Natural Language Processing;Machine Translation
General;https://github.com/sisl/MultiAgentVariationalOcclusionInference;Unknown;
General;https://github.com/bplank/teaching-dl4nlp;Natural Language Processing;Machine Translation
General;https://github.com/adler-j/bwgan;Computer Vision;Image Generation
General;https://github.com/kolloldas/torchnlp;Natural Language Processing;Machine Translation
General;https://github.com/cdesilv1/sc2_ai_cdes;Playing Games;
General;https://github.com/SkullFang/ULMFIT_NLP_Classification;Natural Language Processing;Sentiment Analysis
General;https://github.com/gcr/torch-residual-networks;Computer Vision;Object Detection
General;https://github.com/kuc2477/pytorch-vae;Computer Vision;Image Classification
General;https://github.com/junhocho/SRGAN;Computer Vision;Image Generation
General;https://github.com/taki0112/Spectral_Normalization-Tensorflow;Computer Vision;Image Classification
General;https://github.com/0492wzl/tensorflow_slim_densenet;Computer Vision;Image Classification
General;https://github.com/vladfi1/universe-starter-agent;Playing Games;
General;https://github.com/gongenhao/GANCS;Computer Vision;Image Generation
General;https://github.com/EMsnap/RobotSorting;Computer Vision;Object Detection
General;https://github.com/meg965/pytorch-rl;Computer Vision;Image Generation
General;https://github.com/CMU-Perceptual-Computing-Lab/openpose_unity_plugin;Computer Vision;Pose Estimation
General;https://github.com/junyanz/pytorch-CycleGAN-and-pix2pix;Computer Vision;Image-to-Image Translation
General;https://github.com/DevashishJoshi/Transferring-GANs-FYP;Computer Vision;Image Generation
General;https://github.com/bionanoimaging/cellSTORM-Tensorflow;Computer Vision;Image-to-Image Translation
General;https://github.com/gaetandi/cheXpert;Computer Vision;Image Classification
General;https://github.com/hongyi-zhang/Fixup;Computer Vision;Object Detection
General;https://github.com/lncarter/Openpose;Computer Vision;Pose Estimation
General;https://github.com/jacquelinelala/GFN;Computer Vision;Image Generation
General;https://github.com/VitoRazor/Gan_Architecture;Computer Vision;Image Generation
General;https://github.com/JobQiu/hackrice;Computer Vision;Image-to-Image Translation
General;https://github.com/zsl1996/mask;Computer Vision;Object Detection
General;https://github.com/itsuki8914/pix2pix-automaticColorization;Computer Vision;Image-to-Image Translation
General;https://github.com/dragen1860/MAML-Pytorch-RL;Playing Games;
General;https://github.com/cvp19g2/cvp19g2;Computer Vision;Image-to-Image Translation
General;https://github.com/GeekLiB/caffe-model;Computer Vision;Image Classification
General;https://github.com/conan7882/tf-gans;Computer Vision;Image Generation
General;https://github.com/johntd54/stanford_car;Computer Vision;Image Classification
General;https://github.com/lucidrains/sinkhorn-transformer;Natural Language Processing;Machine Translation
General;https://github.com/joshpc/StyledFontGAN;Computer Vision;Image Generation
General;https://github.com/wangshanmin/interface;Computer Vision;Face Verification
General;https://github.com/hysts/pytorch_resnet;Computer Vision;Object Detection
General;https://github.com/lucidrains/reformer-pytorch;Natural Language Processing;Machine Translation
General;https://github.com/worldlife123/maskrcnn-benchmark;Computer Vision;Object Detection
General;https://github.com/junhahyung/bert_transfer;Natural Language Processing;Machine Translation
General;https://github.com/EmilienDupont/wgan-gp;Computer Vision;Image Generation
General;https://github.com/Wordbe/MobileNetV2;Computer Vision;Object Detection
General;https://github.com/stqc/Simple_CycleGAN_pytorch;Computer Vision;Image-to-Image Translation
General;https://github.com/solapark/da_yolo;Computer Vision;Object Detection
General;https://github.com/rainofmine/Face_Attention_Network;Computer Vision;Object Detection
General;https://github.com/sunil-rival/insightface;Computer Vision;Face Verification
General;https://github.com/misuy/misuy_style_transfer_bot;Computer Vision;Image-to-Image Translation
General;https://github.com/youngwanLEE/centermask2;Computer Vision;Object Detection
General;https://github.com/Hayashi-Yudai/ML_models;Computer Vision;Image Classification
General;https://github.com/maiyuxiaoge/srgan;Computer Vision;Image Generation
General;https://github.com/icewing1996/bert_dep;Natural Language Processing;Machine Translation
General;https://github.com/facebookresearch/adaptive-span;Natural Language Processing;Machine Translation
General;https://github.com/lucidrains/big-sleep;Computer Vision;Image Generation
General;https://github.com/anguyen8/sam;Computer Vision;Object Detection
General;https://github.com/vsitzmann/siren;Unknown;
General;https://github.com/graykode/gpt-2-Pytorch;Natural Language Processing;Machine Translation
General;https://github.com/Video-Streaming-Pipeline/Video-Streaming-Pipeline;Computer Vision;Image Classification
General;https://github.com/clemkoa/ntm;Natural Language Processing;Machine Translation
General;https://github.com/urw7rs/spiralpp;Computer Vision;Object Detection
General;https://github.com/anibali/dsnt-pose2d;Computer Vision;Object Detection
General;https://github.com/mitsu-h/deepvoice3;Speech;
General;https://github.com/lab-midas/med_segmentation;Computer Vision;Object Detection
General;https://github.com/spacegoing/stylegan2;Computer Vision;Image Generation
General;https://github.com/Cadene/pretrained-models.pytorch;Computer Vision;Image Classification
General;https://github.com/abaietto/neural_ode_classification;Computer Vision;Object Detection
General;https://github.com/tensorflow/mesh;Computer Vision;Image Classification
General;https://github.com/AdeelH/pytorch-multi-class-focal-loss;Computer Vision;Object Detection
General;https://github.com/Halesu/4th-ML100Days;Computer Vision;Image Classification
General;https://github.com/ShreyasArthur/StyleGAN-2-with-Urban-Plans;Computer Vision;Image Generation
General;https://github.com/rahulchaurasiya1/cautious-waddle;Computer Vision;Object Detection
General;https://github.com/Herge/GAN2;Computer Vision;Image Generation
General;https://github.com/kampta/pytorch-distributions;Unknown;
General;https://github.com/RezisEwig/cyclegan;Computer Vision;Image-to-Image Translation
General;https://github.com/cbritom/GAN;Computer Vision;Image Generation
General;https://github.com/Walter-B/bert-20-classes;Natural Language Processing;Machine Translation
General;https://github.com/llx666/git_demo;Natural Language Processing;Machine Translation
General;https://github.com/fengye-lu/PyTorch-SRGAN;Computer Vision;Image Generation
General;https://github.com/Gryffindor112358/Arcface;Computer Vision;Face Verification
General;https://github.com/xar47x/pose;Computer Vision;Pose Estimation
General;https://github.com/jdbugs/stylegan2encoder;Computer Vision;Image Generation
General;https://github.com/PaulCharnay/Projet_AIF;Playing Games;
General;https://github.com/SachinIchake/KALM;Natural Language Processing;Language Modelling
General;https://github.com/YiteWang/CS547-final-project;Computer Vision;Image-to-Image Translation
General;https://github.com/malin9402/retiface;Computer Vision;Face Verification
General;https://github.com/agutuyen-dev/darknet;Computer Vision;Object Detection
General;https://github.com/jinzhenfan/BERT;Natural Language Processing;Machine Translation
General;https://github.com/radiabouhali/test;Computer Vision;Object Detection
General;https://github.com/changwoolee/WGAN-GP-tensorflow;Computer Vision;Image Generation
General;https://github.com/lukas-blecher/LaTeX-OCR;Natural Language Processing;Machine Translation
General;https://github.com/Gaozhen0816/BERT_QA_for_Chinese;Natural Language Processing;Machine Translation
General;https://github.com/woctezuma/steam-stylegan2-ada;Computer Vision;Image Generation
General;https://github.com/PPPrior/i3d-pytorch;Computer Vision;Object Detection
General;https://github.com/dccuchile/CC6204;Natural Language Processing;Machine Translation
General;https://github.com/CorentinJ/Real-Time-Voice-Cloning;Speech;
General;https://github.com/lucidrains/x-transformers;Natural Language Processing;Machine Translation
General;https://github.com/harshit158/paper-dots;Natural Language Processing;Machine Translation
General;https://github.com/kikacaty/RAP_Benchmark;Computer Vision;Semantic Segmentation
General;https://github.com/vijishmadhavan/SkinDeep;Computer Vision;Image Generation
General;https://github.com/kikacaty/adv_guide;Computer Vision;Object Detection
General;https://github.com/bozliu/E2E-Keyword-Spotting;Computer Vision;Image Classification
General;https://github.com/serengil/deepface;Computer Vision;Face Verification
General;https://github.com/mgolnezhad/openpose;Computer Vision;Pose Estimation
General;https://github.com/ArkaJU/Image-Colorization-CycleGAN;Computer Vision;Image-to-Image Translation
General;https://github.com/wangermeng2021/Scaled-YOLOv4-tensorflow2;Computer Vision;Object Detection
General;https://github.com/facebookresearch/fairseq;Natural Language Processing;Machine Translation
General;https://github.com/hfxunlp/transformer;Natural Language Processing;Machine Translation
General;https://github.com/ElliottKasoar/gene-dag-vae;Medical;
General;https://github.com/bupt-ai-cz/LLVIP;Computer Vision;Image-to-Image Translation
General;https://github.com/DrMMZ/RetinaNet;Computer Vision;Object Detection
General;https://github.com/DevSinghSachan/multilingual_nmt;Natural Language Processing;Machine Translation
General;https://github.com/Visual-Behavior/aloception;Computer Vision;Object Detection
General;https://github.com/NathanDeMaria/AugmentedCycleGAN;Computer Vision;Image-to-Image Translation
General;https://github.com/SYangDong/bert-with-frozen-code;Natural Language Processing;Machine Translation
General;https://github.com/daintlab/ct-denoising;Computer Vision;Image-to-Image Translation
General;https://github.com/MarcBS/keras;Natural Language Processing;Machine Translation
General;https://github.com/flyyufelix/DenseNet-Keras;Computer Vision;Image Classification
General;https://github.com/ShaojieJiang/tldr;Natural Language Processing;Machine Translation
General;https://github.com/dungxibo123/vae;Unknown;
General;https://github.com/sunlizhuang/YOLOv1-PaddlePaddle;Computer Vision;Object Detection
General;https://github.com/SajjadAemmi/SCR-Face-Detection;Computer Vision;Image Classification
General;https://github.com/rojagtap/abstractive_summarizer;Natural Language Processing;Machine Translation
General;https://github.com/hanehein921/StyleGAN2;Computer Vision;Image Generation
General;https://github.com/thomaspool97/StyleGAN2;Computer Vision;Image Generation
General;https://github.com/snap-stanford/ConE;Unknown;
General;https://github.com/h4ste/oscar;Natural Language Processing;Machine Translation
General;https://github.com/titu1994/Image-Super-Resolution;Computer Vision;Image Denoising
General;https://github.com/xunings/styleganime2;Computer Vision;Image Generation
General;https://github.com/prajjwal1/adaptive_transformer;Natural Language Processing;Machine Translation
General;https://github.com/kyunghwan/darknet_v3;Computer Vision;Object Detection
General;https://github.com/alexandra-chron/ntua-slp-wassa-iest2018;Natural Language Processing;Language Modelling
General;https://github.com/Robinatp/Deeplab_Tensorflow;Computer Vision;Semantic Segmentation
General;https://github.com/tianhai123/yolov3;Computer Vision;Object Detection
General;https://github.com/kingcheng2000/GAN;Computer Vision;Image-to-Image Translation
General;https://github.com/vganesh46/awd-lstm-pytorch-implementation;Natural Language Processing;Language Modelling
General;https://github.com/miyosuda/async_deep_reinforce;Playing Games;
General;https://github.com/MrRen-sdhm/Embedded_Multi_Object_Detection_CNN;Computer Vision;Image Classification
General;https://github.com/Vignesh-95/cnn-semantic-segmentation-satellite-images;Computer Vision;Semantic Segmentation
General;https://github.com/kekeller/semantic_soy_deeplabv3plus;Computer Vision;Semantic Segmentation
General;https://github.com/HyeongJu916/Boaz-SR-ESRGAN-PyTorch;Computer Vision;Image Generation
General;https://github.com/ikostrikov/pytorch-a3c;Playing Games;
General;https://github.com/jageshmaharjan/BERT_Service;Natural Language Processing;Machine Translation
General;https://github.com/deepmind/rlax;Playing Games;
General;https://github.com/fmu2/NICE;Computer Vision;Image Generation
General;https://github.com/jackaduma/CycleGAN-VC2;Computer Vision;Image-to-Image Translation
General;https://github.com/sidneykingsley/pix2pix-tensorflow;Computer Vision;Image-to-Image Translation
General;https://github.com/jmyrberg/finnlem;Natural Language Processing;Machine Translation
General;https://github.com/utunga/pix2pix-tensorflow;Computer Vision;Image-to-Image Translation
General;https://github.com/MichaelZhouwang/LMlexsub;Natural Language Processing;Machine Translation
General;https://github.com/kuan-wang/pytorch-mobilenet-v3;Computer Vision;Image Classification
General;https://github.com/zhoudaquan/dvit_repo;Computer Vision;Visual Question Answering
General;https://github.com/Daniel-H-99/CRD;Computer Vision;Image Generation
General;https://github.com/tomtrac/SRGAN_power_data_generation;Computer Vision;Image Generation
General;https://github.com/microsoft/DeBERTa;Natural Language Processing;Question Answering
General;https://github.com/gori1x62/StyleGAN2;Computer Vision;Image Generation
General;https://github.com/mkocabas/focal-loss-keras;Computer Vision;Object Detection
General;https://github.com/leftthomas/SRGAN;Computer Vision;Image Generation
General;https://github.com/philippwirth/treelangrnn;Natural Language Processing;Language Modelling
General;https://github.com/kongzhiyou/darknet-master;Computer Vision;Object Detection
General;https://github.com/CreativeCodingLab/DeepIllumination;Computer Vision;Image-to-Image Translation
General;https://github.com/yuliani29/yolotraining;Computer Vision;Object Detection
General;https://github.com/shashigharti/secure-privateai-scholarship-challenge;Computer Vision;Object Detection
General;https://github.com/pfnet-research/sngan_projection;Computer Vision;Image Generation
General;https://github.com/mp2893/gram;Natural Language Processing;Machine Translation
General;https://github.com/yenchenlin/pix2pix-tensorflow;Computer Vision;Image-to-Image Translation
Sequential;https://github.com/TanUkkii007/wavenet;Speech;
Sequential;https://github.com/mits58/Pointer-Networks;Natural Language Processing;Machine Translation
Sequential;https://github.com/kafura-kafiri/tf2-elmo;Natural Language Processing;Question Answering
Sequential;https://github.com/rickyHong/ClariNet-WaveNet-repl;Unknown;
Sequential;https://github.com/otosense/slang;Unknown;
Sequential;https://github.com/LucaHermes/lightweight-motion-forecasting;Speech;
Sequential;https://github.com/glakshay/Generating-audio-DL;Speech;
Sequential;https://github.com/osmr/imgclsmob;Computer Vision;Image Classification
Sequential;https://github.com/yangrui123/Hidden;Natural Language Processing;Question Answering
Sequential;https://github.com/randomrandom/deep-atrous-cnn-sentiment;Natural Language Processing;Machine Translation
Sequential;https://github.com/trthackthonFighters/ConvBert;Natural Language Processing;Machine Translation
Sequential;https://github.com/kensun0/Parallel-Wavenet;Speech;
Sequential;https://github.com/loudinthecloud/pytorch-ntm;Natural Language Processing;Machine Translation
Sequential;https://github.com/MarkPKCollier/NeuralTuringMachine;Natural Language Processing;Machine Translation
Sequential;https://github.com/ksw0306/WaveVAE;Speech;
Sequential;https://github.com/nkcr/overlap-ml;Natural Language Processing;Language Modelling
Sequential;https://github.com/jkkummerfeld/emnlp20lm;Natural Language Processing;Language Modelling
Sequential;https://github.com/pascalbakker/WaveNet-Implementation;Speech;
Sequential;https://github.com/izzajalandoni/tts_models;Speech;
Sequential;https://github.com/adityagilra/archibrain;Natural Language Processing;Machine Translation
Sequential;https://github.com/Asteur/RERITES-AvgWeightDescentLSTM-PoetryGeneration;Natural Language Processing;Language Modelling
Sequential;https://github.com/jhave/RERITES-AvgWeightDescentLSTM-PoetryGeneration;Natural Language Processing;Language Modelling
Sequential;https://github.com/philippe554/MANN;Unknown;
Sequential;https://github.com/ashishpatel26/tcn-keras-Examples;Speech;
Sequential;https://github.com/mhagiwara/nanigonet;Natural Language Processing;Language Modelling
Sequential;https://github.com/r9y9/tacotron_pytorch;Speech;
Sequential;https://github.com/flairNLP/flair;Natural Language Processing;Named Entity Recognition (NER)
Sequential;https://github.com/sacmehta/EdgeNets;Computer Vision;Semantic Segmentation
Sequential;https://github.com/chakravarthi-v/Polaroid-1;Natural Language Processing;Machine Translation
Sequential;https://github.com/ZTianle/keras-tcn-solar;Speech;
Sequential;https://github.com/jiankaiwang/dnc-py3;Natural Language Processing;Question Answering
Sequential;https://github.com/Janus-Shiau/awd-lstm-tensorflow;Natural Language Processing;Language Modelling
Sequential;https://github.com/yeoedward/Neural-Turing-Machine;Unknown;
Sequential;https://github.com/alisafaya/SHA-RNN.jl;Unknown;
Sequential;https://github.com/rs9000/Neural-Turing-machine;Natural Language Processing;Machine Translation
Sequential;https://github.com/coqui-ai/TTS;Speech;
Sequential;https://github.com/llppff/ptb-lstmorqrnn-pytorch;Natural Language Processing;Language Modelling
Sequential;https://github.com/farizrahman4u/seq2seq;Natural Language Processing;Machine Translation
Sequential;https://github.com/jingweiz/pytorch-dnc;Unknown;
Sequential;https://github.com/ZhouYuxuanYX/Wavenet-in-Keras-for-Kaggle-Competition-Web-Traffic-Time-Series-Forecasting;Speech;
Sequential;https://github.com/imdatsolak/wavenet;Speech;
Sequential;https://github.com/DevonFulcher/CryptoPricePredictor;Speech;
Sequential;https://github.com/dipjyoti92/TTS-Style-Transfer;Speech;
Sequential;https://github.com/mbinkowski/DeepSpeechDistances;Computer Vision;Image Generation
Sequential;https://github.com/Shivendra-psc/speechbot;Natural Language Processing;Machine Translation
Sequential;https://github.com/zll1996/TCN;Speech;
Sequential;https://github.com/zhong110020/keras-tcn;Speech;
Sequential;https://github.com/mnhng/hier-char-emb;Natural Language Processing;Language Modelling
Sequential;https://github.com/iwangjian/ByteCup2018;Natural Language Processing;Language Modelling
Sequential;https://github.com/keithito/tacotron;Speech;
Sequential;https://github.com/cstorm125/thai2fit;Natural Language Processing;Language Modelling
Sequential;https://github.com/benmoseley/simple-wavenet;Speech;
Sequential;https://github.com/SourangshuGhosh/NeuralTuringMachine;Natural Language Processing;Machine Translation
Sequential;https://github.com/dewanderelex/LanguageTranslation;Natural Language Processing;Machine Translation
Sequential;https://github.com/evtaktasheva/dependency_extraction;Natural Language Processing;Machine Translation
Sequential;https://github.com/arvieFrydenlund/awd-lstm-lm;Natural Language Processing;Language Modelling
Sequential;https://github.com/philippwirth/awd-lstm-test;Natural Language Processing;Language Modelling
Sequential;https://github.com/rampage644/wavenet;Unknown;
Sequential;https://github.com/snipsco/ntm-lasagne;Unknown;
Sequential;https://github.com/fuchason/NTM-keras;Natural Language Processing;Question Answering
Sequential;https://github.com/Smerity/sha-rnn;Natural Language Processing;Machine Translation
Sequential;https://github.com/S-Abdelnabi/awt;Natural Language Processing;Language Modelling
Sequential;https://github.com/ari-holtzman/genlm;Natural Language Processing;Language Modelling
Sequential;https://github.com/VladimirV99/Automatic-Translation;Natural Language Processing;Machine Translation
Sequential;https://github.com/0fengzi0/tacotron;Speech;
Sequential;https://github.com/r9y9/deepvoice3_pytorch;Speech;
Sequential;https://github.com/MSRDL/Deep4Cast;Speech;
Sequential;https://github.com/ksw0306/ClariNet;Speech;
Sequential;https://github.com/sriharireddypusapati/speech-to-text-wavenet2;Natural Language Processing;Machine Translation
Sequential;https://github.com/barronalex/Tacotron;Speech;
Sequential;https://github.com/keonlee9420/Comprehensive-Tacotron2;Speech;
Sequential;https://github.com/fatchord/WaveRNN;Speech;
Sequential;https://github.com/adityaagrawal7/speech-to-text-wavenet;Natural Language Processing;Machine Translation
Sequential;https://github.com/liguigui/speech-to-text-wavenet;Natural Language Processing;Machine Translation
Sequential;https://github.com/uclanlp/NamedEntityLanguageModel;Natural Language Processing;Language Modelling
Sequential;https://github.com/Gal1eo/DT2119;Speech;
Sequential;https://github.com/peustr/wavenet;Speech;
Sequential;https://github.com/PaddlePaddle/models;Unknown;
Sequential;https://github.com/uchange/ulangel;Natural Language Processing;Language Modelling
Computer Vision;https://github.com/enstan/pix2pix_h5-;Computer Vision;Image-to-Image Translation
Computer Vision;https://github.com/nhannguyencsd/vision_cyclegan;Computer Vision;Image-to-Image Translation
Computer Vision;https://github.com/koolhussain/Self-Driving-Car;Computer Vision;Image Classification
Computer Vision;https://github.com/NovasMax/R3Det-Refined-Single-Stage-Detector-with-Feature-Refinement-for-RO;Computer Vision;Object Detection
Computer Vision;https://github.com/SauravMaheshkar/ResMLP-Flax;Unknown;
Computer Vision;https://github.com/PaulZhangIsing/CaffeSSD-opencv4;Computer Vision;Object Detection
Computer Vision;https://github.com/cyrilzakka/stylegan2-tpu;Computer Vision;Image Generation
Computer Vision;https://github.com/JoyHsiao/Haitec;Computer Vision;Object Detection
Computer Vision;https://github.com/CellEight/Pytorch-Adaptive-Instance-Normalization;Computer Vision;Object Detection
Computer Vision;https://github.com/JoeRoussy/adaptive-attention-in-cv;Natural Language Processing;Machine Translation
Computer Vision;https://github.com/IBM/NeuronAlignment;Computer Vision;Image Classification
Computer Vision;https://github.com/loadbxh/yolov3;Computer Vision;Object Detection
Computer Vision;https://github.com/srihari-humbarwadi/retinanet-tensorflow2.x;Computer Vision;Object Detection
Computer Vision;https://github.com/JiaPeng1234/MRI-Segmentation-Transformer;Computer Vision;Object Detection
Computer Vision;https://github.com/zhongzisha/object_detection;Computer Vision;Object Detection
Computer Vision;https://github.com/djsinghnegi/SRINImageEnhancemrntGAN;Computer Vision;Image Generation
Computer Vision;https://github.com/rajveen/ChangeMyPet;Computer Vision;Image Generation
Computer Vision;https://github.com/Jorge-Mendes/darknet-google-colab;Computer Vision;Object Detection
Computer Vision;https://github.com/lsh110600/person_re_id;Computer Vision;Person Re-Identification
Computer Vision;https://github.com/Congpeiliang/yolo;Computer Vision;Object Detection
Computer Vision;https://github.com/patelmiteshn/darknet;Computer Vision;Object Detection
Computer Vision;https://github.com/hellotrik/torch_yolov3;Computer Vision;Object Detection
Computer Vision;https://github.com/akashpalrecha/deblurring-pipeline;Computer Vision;Image Generation
Computer Vision;https://github.com/LONG-9621/PointNet;Computer Vision;Object Localization
Computer Vision;https://github.com/Olayemiy/Image-Classification-With-Resnet;Computer Vision;Object Detection
Computer Vision;https://github.com/cto300/stylegan2;Computer Vision;Image Generation
Computer Vision;https://github.com/oilst-source/mango-futurism;Computer Vision;Image Generation
Computer Vision;https://github.com/lukeandshuo/IR2VI_journal;Computer Vision;Image-to-Image Translation
Computer Vision;https://github.com/tdurand/darknet-withtiling;Computer Vision;Object Detection
Computer Vision;https://github.com/pscmap13/pix2pix;Computer Vision;Image-to-Image Translation
Computer Vision;https://github.com/tommyjtl/darknet-colab;Computer Vision;Object Detection
Computer Vision;https://github.com/travismyers19/Vulnerable_Buildings;Computer Vision;Object Detection
Computer Vision;https://github.com/avakong/stylegan-test;Computer Vision;Image Generation
Computer Vision;https://github.com/khurram702/StyleBasedGAN;Computer Vision;Image Generation
Computer Vision;https://github.com/binhdv92/darknet;Computer Vision;Object Detection
Computer Vision;https://github.com/Harut0726/my-pointnet-tensorflow;Computer Vision;Object Localization
Computer Vision;https://github.com/hj963434688/Faster_rcnn;Computer Vision;Object Detection
Computer Vision;https://github.com/VinayBN8997/ResNet-CIFAR10;Computer Vision;Object Detection
Computer Vision;https://github.com/vinay-EIP/EIP-session-5-assignment;Computer Vision;Object Detection
Computer Vision;https://github.com/zhusiling/SAGAN;Computer Vision;Image Generation
Computer Vision;https://github.com/vimlord/torchrosa-tts;Unknown;
Computer Vision;https://github.com/RyanWu2233/Style_GAN2_TWDNE;Computer Vision;Image Generation
Computer Vision;https://github.com/zcemycl/Matlab-GAN;Computer Vision;Image Generation
Computer Vision;https://github.com/CocoSungMin/Gachon_SW_Colorization_Contest;Computer Vision;Object Detection
Computer Vision;https://github.com/eps696/stylegan2;Computer Vision;Image Generation
Computer Vision;https://github.com/Idelcads/Super_Resolution_overview;Computer Vision;Image Generation
Computer Vision;https://github.com/digantamisra98/Reproducibilty-Challenge-ECANET;Computer Vision;Image Classification
Computer Vision;https://github.com/ChristophReich1996/Semantic_Pyramid_for_Image_Generation;Computer Vision;Image Generation
Computer Vision;https://github.com/wxb589/Person_reID_baseline_pytorch-master;Computer Vision;Person Re-Identification
Computer Vision;https://github.com/grunnery/StyleGAN2;Computer Vision;Image Generation
Computer Vision;https://github.com/itijyou/ademxapp;Computer Vision;Semantic Segmentation
Computer Vision;https://github.com/magnificent1208/r3det-on-mmdetection;Computer Vision;Object Detection
Computer Vision;https://github.com/e96031413/AA-YOLO;Computer Vision;Object Detection
Computer Vision;https://github.com/xmu-xiaoma666/External-Attention-pytorch;Computer Vision;Image Classification
Computer Vision;https://github.com/espressif/esp-who;Unknown;
Computer Vision;https://github.com/HUJI-Deep/nice;Computer Vision;Image Generation
Computer Vision;https://github.com/vinod377/STN-OCR-Tensorflow;Computer Vision;Object Detection
Computer Vision;https://github.com/Lornatang/SRGAN-PyTorch;Computer Vision;Image Generation
Computer Vision;https://github.com/dagrate/gan_network;Computer Vision;Image Generation
Computer Vision;https://github.com/Dhruvpatel2112/Dhruv-Patel;Computer Vision;Image Classification
Computer Vision;https://github.com/takooctopus/CornerNet-Lite-Tako;Computer Vision;Object Detection
Computer Vision;https://github.com/Young98CN/pointconv_pytorch;Computer Vision;Object Localization
Computer Vision;https://github.com/shanky1947/YOLOv3-Darknet-Custom-Object-Detection;Computer Vision;Object Detection
Computer Vision;https://github.com/ollewelin/libtorch-GPU-CNN-test-MNIST-with-Batchnorm;Computer Vision;Object Detection
Computer Vision;https://github.com/eunki7/flask-deeplearning-service-demo;Computer Vision;Object Detection
Computer Vision;https://github.com/adelliax/StyleGAN2;Computer Vision;Image Generation
Computer Vision;https://github.com/FrancescoSaverioZuppichini/ResNet;Computer Vision;Image Classification
Computer Vision;https://github.com/heykeetae/Self-Attention-GAN;Computer Vision;Image Generation
Computer Vision;https://github.com/meryusha/seeds_faster;Computer Vision;Object Detection
Computer Vision;https://github.com/cftang0827/pedestrian_recognition;Computer Vision;Person Re-Identification
Computer Vision;https://github.com/heidongxianhau/deeplab2;Computer Vision;Semantic Segmentation
Computer Vision;https://github.com/yudie433/darknet;Computer Vision;Object Detection
Computer Vision;https://github.com/vanhuyz/CycleGAN-TensorFlow;Computer Vision;Image-to-Image Translation
Computer Vision;https://github.com/ChestnutLi/tf-faster-rcnn;Computer Vision;Object Detection
Computer Vision;https://github.com/achiyaj/vqa-sandbox;Computer Vision;Object Detection
Computer Vision;https://github.com/hysts/pytorch_resnet_preact;Computer Vision;Object Detection
Computer Vision;https://github.com/NeuralVFX/pix2pix;Computer Vision;Image-to-Image Translation
Computer Vision;https://github.com/linxi159/GAN-training-tricks;Computer Vision;Image-to-Image Translation
Computer Vision;https://github.com/hycis/TensorGraph;Medical;
Computer Vision;https://github.com/stoensin/IC;Computer Vision;Image Classification
Computer Vision;https://github.com/MINGUKKANG/CVAE;Unknown;
Computer Vision;https://github.com/KrishnaTarun/Deep-Learning-Lab;Natural Language Processing;Machine Translation
Computer Vision;https://github.com/kris-singh/ReadingList;Unknown;
Computer Vision;https://github.com/liuzhuang13/DenseNetCaffe;Computer Vision;Image Classification
Computer Vision;https://github.com/bobby20180331/darknet_pycharm;Computer Vision;Object Detection
Computer Vision;https://github.com/markmaxt/VideoSR;Computer Vision;Image Generation
Computer Vision;https://github.com/qilei123/sod_v1;Computer Vision;Object Detection
Computer Vision;https://github.com/cianfrocco-lab/GAN-for-Cryo-EM-image-denoising;Computer Vision;Image-to-Image Translation
Computer Vision;https://github.com/sebsquire/Dogs-and-cats-image-classification-CNN;Computer Vision;Object Detection
Computer Vision;https://github.com/zhreshold/mxnet-ssd;Computer Vision;Object Detection
Computer Vision;https://github.com/saber2011/darknet;Computer Vision;Object Detection
Computer Vision;https://github.com/sparvangada/capstone_project;Computer Vision;Image Classification
Computer Vision;https://github.com/huaifeng1993/JinNanCompetition2;Computer Vision;Object Detection
Computer Vision;https://github.com/avanetten/yolt;Computer Vision;Object Detection
Computer Vision;https://github.com/tantara/JejuNet;Computer Vision;Semantic Segmentation
